{"cameraMode":{"drawMode":0,"name":"Shaded","section":"Shading Mode"},"sceneLighting":true,"audioPlay":false,"sceneViewState":{"m_AlwaysRefresh":false,"showFog":true,"showSkybox":true,"showFlares":true,"showImageEffects":true,"showParticleSystems":true,"showVisualEffectGraphs":true,"m_FxEnabled":true},"in2DMode":false,"pivot":{"x":-17.27294158935547,"y":174.83816528320313,"z":182.8929901123047},"rotation":{"x":0.7351272106170654,"y":0.006100987084209919,"z":-0.006616313010454178,"w":0.6778694987297058},"size":58.03667068481445,"orthographic":true}